{
  "hash": "90fe731c",
  "configHash": "6fa7dafe",
  "lockfileHash": "e5b4594d",
  "browserHash": "71cca032",
  "optimized": {
    "@angular/core": {
      "src": "../../../../../node_modules/@angular/core/fesm2022/core.mjs",
      "file": "@angular_core.js",
      "fileHash": "05505476",
      "needsInterop": false
    },
    "@angular/platform-browser": {
      "src": "../../../../../node_modules/@angular/platform-browser/fesm2022/platform-browser.mjs",
      "file": "@angular_platform-browser.js",
      "fileHash": "266d22c8",
      "needsInterop": false
    },
    "@angular/router": {
      "src": "../../../../../node_modules/@angular/router/fesm2022/router.mjs",
      "file": "@angular_router.js",
      "fileHash": "35f1c5a3",
      "needsInterop": false
    }
  },
  "chunks": {
    "chunk-2WPYQJ2V": {
      "file": "chunk-2WPYQJ2V.js"
    },
    "chunk-LRQ54M6E": {
      "file": "chunk-LRQ54M6E.js"
    }
  }
}